mmsi,gap_start,gap_end,gap_duration_seconds,gap_class,overlaps_origin_window,last_known_lat,last_known_lon,last_known_sog,last_known_cog,last_known_heading,first_reappearance_lat,first_reappearance_lon,first_reappearance_sog,first_reappearance_cog,first_reappearance_heading,observed_gap_displacement_m,expected_displacement_m,displacement_difference_m,displacement_quality,segment_before_gap,segment_after_gap,evidence_note
338173000,2022-02-07 15:23:23+00:00,2022-02-07 18:09:09+00:00,9946.0,SIGNIFICANT_GAP,False,28.97283,-90.02228,16.2,192.2,,28.97372,-89.99269,18.8,,,2880.1688121943685,82889.89238879998,-80009.72357660561,FULL,0,1,AIS transmission gap does not directly overlap origin time window. Included for completeness as part of candidate vessel trajectory.
338173000,2022-02-07 18:26:36+00:00,2022-02-07 19:10:30+00:00,2634.0,SHORT_GAP,False,28.97588,-89.98761,19.2,231.0,,28.97205,-89.99554,18.4,,,881.163041963217,26016.8735232,-25135.710481236783,FULL,1,2,AIS transmission gap does not directly overlap origin time window. Included for completeness as part of candidate vessel trajectory.
338173000,2022-02-07 20:07:01+00:00,2022-02-07 22:23:00+00:00,8159.0,SIGNIFICANT_GAP,False,28.96858,-89.99897,18.9,229.7,,28.99826,-89.95858,2.2,,,5130.921305808514,79329.8884644,-74198.96715859149,FULL,2,3,AIS transmission gap does not directly overlap origin time window. Included for completeness as part of candidate vessel trajectory.
338173000,2022-02-07 23:00:10+00:00,2022-02-07 23:23:10+00:00,1380.0,SHORT_GAP,False,28.99531,-89.95954,1.2,208.4,,28.99115,-89.97069,4.9,,,1178.9795744847556,851.919264,327.06031048475563,FULL,3,4,AIS transmission gap does not directly overlap origin time window. Included for completeness as part of candidate vessel trajectory.
338173000,2022-02-08 00:58:56+00:00,2022-02-08 01:22:07+00:00,1391.0,SHORT_GAP,False,28.96934,-90.00054,0.0,120.7,,28.9694,-90.00084,0.0,,,29.937498049425187,0.0,29.937498049425187,FULL,4,5,AIS transmission gap does not directly overlap origin time window. Included for completeness as part of candidate vessel trajectory.
338173000,2022-02-08 01:22:07+00:00,2022-02-08 01:50:56+00:00,1729.0,SHORT_GAP,False,28.9694,-90.00084,0.0,296.9,,28.96932,-90.00069,0.0,,,17.089973753856764,0.0,17.089973753856764,FULL,5,6,AIS transmission gap does not directly overlap origin time window. Included for completeness as part of candidate vessel trajectory.
338173000,2022-02-08 01:50:56+00:00,2022-02-08 02:42:06+00:00,3070.0,SHORT_GAP,False,28.96932,-90.00069,0.0,142.6,,28.96941,-90.00083,0.0,,,16.90093136397066,0.0,16.90093136397066,FULL,6,7,AIS transmission gap does not directly overlap origin time window. Included for completeness as part of candidate vessel trajectory.
338173000,2022-02-08 02:48:16+00:00,2022-02-08 03:03:27+00:00,911.0,SHORT_GAP,False,28.96938,-90.00082,0.0,110.2,,28.96938,-90.00081,0.0,,,0.972820700200833,0.0,0.972820700200833,FULL,7,8,AIS transmission gap does not directly overlap origin time window. Included for completeness as part of candidate vessel trajectory.
338173000,2022-02-08 05:43:16+00:00,2022-02-08 06:04:56+00:00,1300.0,SHORT_GAP,False,28.9694,-90.00082,0.0,299.8,,28.96935,-90.00074,0.0,,,9.564471363063827,0.0,9.564471363063827,FULL,8,9,AIS transmission gap does not directly overlap origin time window. Included for completeness as part of candidate vessel trajectory.
338173000,2022-02-08 06:24:47+00:00,2022-02-08 07:15:56+00:00,3069.0,SHORT_GAP,False,28.96935,-90.00071,0.6,292.4,,28.96933,-90.00067,0.0,,,4.4819435754932835,947.2971816,-942.8152380245068,FULL,9,10,AIS transmission gap does not directly overlap origin time window. Included for completeness as part of candidate vessel trajectory.
338173000,2022-02-08 08:59:36+00:00,2022-02-08 09:29:37+00:00,1801.0,SHORT_GAP,False,28.96936,-90.00074,0.9,288.6,,28.96932,-90.0007,0.0,,,5.9097370728385155,833.8622796,-827.9525425271614,FULL,10,11,AIS transmission gap does not directly overlap origin time window. Included for completeness as part of candidate vessel trajectory.
338173000,2022-02-08 09:33:46+00:00,2022-02-08 10:10:26+00:00,2200.0,SHORT_GAP,False,28.96931,-90.00066,0.0,127.7,,28.96938,-90.00078,0.0,,,14.030821644492766,0.0,14.030821644492766,FULL,11,12,AIS transmission gap does not directly overlap origin time window. Included for completeness as part of candidate vessel trajectory.
338173000,2022-02-08 10:24:06+00:00,2022-02-08 10:41:57+00:00,1071.0,SHORT_GAP,False,28.9694,-90.00078,0.0,132.4,,28.96936,-90.00082,0.0,,,5.909736082258802,0.0,5.909736082258802,FULL,12,13,AIS transmission gap does not directly overlap origin time window. Included for completeness as part of candidate vessel trajectory.
338173000,2022-02-08 10:50:46+00:00,2022-02-08 11:17:16+00:00,1590.0,SHORT_GAP,False,28.96937,-90.00078,0.0,291.0,,28.96939,-90.00072,0.0,,,6.246231567808994,0.0,6.246231567808994,FULL,13,14,AIS transmission gap does not directly overlap origin time window. Included for completeness as part of candidate vessel trajectory.
338173000,2022-02-08 11:33:45+00:00,2022-02-08 14:31:21+00:00,10656.0,SIGNIFICANT_GAP,False,28.969,-90.00132,5.8,222.7,,28.99332,-89.96766,0.0,,,4246.53139995453,31795.108531200003,-27548.577131245474,FULL,14,15,AIS transmission gap does not directly overlap origin time window. Included for completeness as part of candidate vessel trajectory.
338173000,2022-02-08 14:41:21+00:00,2022-02-08 15:23:01+00:00,2500.0,SHORT_GAP,False,28.99331,-89.96771,0.0,201.2,,28.99327,-89.96767,0.0,,,5.909143956627379,0.0,5.909143956627379,FULL,15,16,AIS transmission gap does not directly overlap origin time window. Included for completeness as part of candidate vessel trajectory.
338173000,2022-02-08 17:07:41+00:00,2022-02-08 18:09:42+00:00,3721.0,SIGNIFICANT_GAP,False,28.99335,-89.96772,0.0,304.7,,28.96888,-89.99833,18.7,,,4033.462516639446,0.0,4033.462516639446,FULL,16,17,AIS transmission gap does not directly overlap origin time window. Included for completeness as part of candidate vessel trajectory.
338173000,2022-02-08 18:59:15+00:00,2022-02-08 19:21:46+00:00,1351.0,SHORT_GAP,False,28.99338,-89.96728,0.0,78.7,,28.99353,-89.96747,0.0,,,24.89339764766281,0.0,24.89339764766281,FULL,17,18,AIS transmission gap does not directly overlap origin time window. Included for completeness as part of candidate vessel trajectory.
338173000,2022-02-08 20:59:52+00:00,2022-02-08 21:37:50+00:00,2278.0,SHORT_GAP,False,28.98467,-89.97822,18.5,238.3,,28.97042,-90.00139,19.0,,,2755.096638930477,21680.213492000003,-18925.116853069525,FULL,18,19,AIS transmission gap does not directly overlap origin time window. Included for completeness as part of candidate vessel trajectory.
338173000,2022-02-08 22:14:47+00:00,2022-02-09 00:24:40+00:00,7793.0,SIGNIFICANT_GAP,False,28.99747,-89.95803,0.4,256.8,,28.99402,-89.96784,0.4,,,1028.329408075835,1603.6248368000001,-575.295428724165,FULL,19,20,AIS transmission gap does not directly overlap origin time window. Included for completeness as part of candidate vessel trajectory.
338173000,2022-02-09 01:51:50+00:00,2022-02-09 14:54:48+00:00,46978.0,LONG_GAP,False,28.971,-89.99382,18.4,227.0,,28.97136,-89.98463,18.5,,,894.902423233251,444682.9242688,-443788.02184556675,FULL,20,21,AIS transmission gap does not directly overlap origin time window. Included for completeness as part of candidate vessel trajectory.
338173000,2022-02-09 14:56:48+00:00,2022-02-09 15:13:29+00:00,1001.0,SHORT_GAP,False,28.9784,-89.97907,9.8,32.4,,28.98249,-89.95275,18.4,,,2600.270314740837,5046.592751200001,-2446.322436459164,FULL,21,22,AIS transmission gap does not directly overlap origin time window. Included for completeness as part of candidate vessel trajectory.
338173000,2022-02-09 15:13:29+00:00,2022-02-09 17:45:12+00:00,9103.0,SIGNIFICANT_GAP,False,28.98249,-89.95275,18.4,84.0,,28.98065,-89.97705,6.8,,,2372.5142647087446,86166.9006688,-83794.38640409124,FULL,22,23,AIS transmission gap does not directly overlap origin time window. Included for completeness as part of candidate vessel trajectory.
338173000,2022-02-09 17:46:37+00:00,2022-02-09 18:11:06+00:00,1469.0,SHORT_GAP,False,28.9818,-89.97681,1.5,231.3,,28.99324,-89.96715,0.0,,,1581.4463703605318,1133.577354,447.86901636053176,FULL,23,24,AIS transmission gap does not directly overlap origin time window. Included for completeness as part of candidate vessel trajectory.
338173000,2022-02-09 18:11:06+00:00,2022-02-09 18:46:16+00:00,2110.0,SHORT_GAP,False,28.99324,-89.96715,0.0,330.6,,28.9926,-89.96701,2.9,,,72.4556980342152,0.0,72.4556980342152,FULL,24,25,AIS transmission gap does not directly overlap origin time window. Included for completeness as part of candidate vessel trajectory.
338173000,2022-02-09 18:52:26+00:00,2022-02-09 20:01:29+00:00,4143.0,SIGNIFICANT_GAP,False,28.98203,-89.97662,0.9,227.9,,28.99532,-89.96543,0.0,,,1835.3238777897152,1918.2073428,-82.88346501028491,FULL,25,26,AIS transmission gap does not directly overlap origin time window. Included for completeness as part of candidate vessel trajectory.
338173000,2022-02-09 20:01:29+00:00,2022-02-09 20:32:21+00:00,1852.0,SHORT_GAP,False,28.99532,-89.96543,0.0,19.2,,28.99639,-89.96528,0.0,,,119.8696251372026,0.0,119.8696251372026,FULL,26,27,AIS transmission gap does not directly overlap origin time window. Included for completeness as part of candidate vessel trajectory.
338173000,2022-02-09 20:57:41+00:00,2022-02-09 21:26:51+00:00,1750.0,SHORT_GAP,False,28.99476,-89.96687,0.6,192.2,,28.99416,-89.96695,0.0,,,67.16912371156515,540.1662,-472.99707628843487,FULL,27,28,AIS transmission gap does not directly overlap origin time window. Included for completeness as part of candidate vessel trajectory.
338173000,2022-02-09 21:48:30+00:00,2022-02-10 17:39:03+00:00,71433.0,LONG_GAP,False,28.96828,-89.99175,19.4,226.0,,29.04122,-89.98224,19.7,,,8163.116555627986,712916.5980888,-704753.481533172,FULL,28,29,AIS transmission gap does not directly overlap origin time window. Included for completeness as part of candidate vessel trajectory.
338173000,2022-02-10 17:52:52+00:00,2022-02-11 13:42:12+00:00,71360.0,LONG_GAP,False,28.9709,-90.01548,20.0,210.2,,28.97092,-89.98693,21.5,,,2777.362921467126,734214.4768000001,-731437.1138785329,FULL,29,30,AIS transmission gap does not directly overlap origin time window. Included for completeness as part of candidate vessel trajectory.
338173000,2022-02-11 15:26:06+00:00,2022-02-11 16:06:26+00:00,2420.0,SHORT_GAP,False,28.97165,-89.98408,21.0,214.2,,28.96893,-90.00026,5.9,,,1602.8049674486804,26144.04408,-24541.23911255132,FULL,30,31,AIS transmission gap does not directly overlap origin time window. Included for completeness as part of candidate vessel trajectory.
338173000,2022-02-11 16:19:18+00:00,2022-02-11 20:30:23+00:00,15065.0,SIGNIFICANT_GAP,False,28.96984,-89.99828,14.9,93.8,,28.97295,-89.98327,18.6,,,1500.5669499212925,115476.47301400002,-113975.90606407872,FULL,31,32,AIS transmission gap does not directly overlap origin time window. Included for completeness as part of candidate vessel trajectory.
338173000,2022-02-11 20:45:20+00:00,2022-02-11 21:28:58+00:00,2618.0,SHORT_GAP,False,28.97053,-90.00654,21.1,237.8,,28.96819,-90.0033,7.7,,,408.71660405939764,28417.783671200003,-28009.067067140604,FULL,32,33,AIS transmission gap does not directly overlap origin time window. Included for completeness as part of candidate vessel trajectory.
338173000,2022-02-11 23:23:30+00:00,2022-02-12 12:28:35+00:00,47105.0,LONG_GAP,False,28.96974,-90.01078,18.2,214.5,,28.96962,-89.9547,19.4,,,5455.578937577125,441038.50008399994,-435582.9211464228,FULL,33,34,AIS transmission gap does not directly overlap origin time window. Included for completeness as part of candidate vessel trajectory.
338173000,2022-02-12 12:28:35+00:00,2022-02-12 14:39:22+00:00,7847.0,SIGNIFICANT_GAP,False,28.96962,-89.9547,19.4,247.4,,28.96836,-89.97696,18.7,,,2170.034630937062,78314.7361192,-76144.70148826293,FULL,34,35,AIS transmission gap does not directly overlap origin time window. Included for completeness as part of candidate vessel trajectory.
338173000,2022-02-12 15:45:38+00:00,2022-02-12 18:02:16+00:00,8198.0,SIGNIFICANT_GAP,False,29.04024,-89.95471,19.4,10.1,,29.03962,-89.98153,19.0,,,2608.2358474227944,81817.79109279999,-79209.5552453772,FULL,35,36,AIS transmission gap does not directly overlap origin time window. Included for completeness as part of candidate vessel trajectory.
338173000,2022-02-12 18:16:51+00:00,2022-02-12 18:32:27+00:00,936.0,SHORT_GAP,False,28.97098,-90.01792,19.5,205.4,,28.96864,-90.00575,11.6,,,1212.1730705903162,9389.631888,-8177.458817409683,FULL,36,37,AIS transmission gap does not directly overlap origin time window. Included for completeness as part of candidate vessel trajectory.
338173000,2022-02-12 19:25:34+00:00,2022-02-12 19:54:28+00:00,1734.0,SHORT_GAP,False,28.97202,-89.99219,19.6,219.2,,28.97148,-89.99598,19.7,,,373.5481135903705,17484.099561600004,-17110.55144800963,FULL,37,38,AIS transmission gap does not directly overlap origin time window. Included for completeness as part of candidate vessel trajectory.
338173000,2022-02-12 21:40:00+00:00,2022-02-12 23:08:58+00:00,5338.0,SIGNIFICANT_GAP,False,28.97219,-89.98687,19.2,225.0,,28.97122,-89.9932,20.1,,,625.1564958701166,52725.1597824,-52100.00328652988,FULL,38,39,AIS transmission gap does not directly overlap origin time window. Included for completeness as part of candidate vessel trajectory.
338173000,2022-02-12 23:37:48+00:00,2022-02-13 12:54:48+00:00,47820.0,LONG_GAP,False,28.97023,-89.98943,19.8,235.5,,28.96805,-90.00838,9.7,,,1859.3683223349697,487094.099184,-485234.73086166504,FULL,39,40,AIS transmission gap does not directly overlap origin time window. Included for completeness as part of candidate vessel trajectory.
338173000,2022-02-14 00:03:47+00:00,2022-02-14 12:05:23+00:00,43296.0,LONG_GAP,False,28.99235,-89.98542,0.0,165.5,,28.99239,-89.9853,0.0,,,12.490039027496948,0.0,12.490039027496948,FULL,40,41,AIS transmission gap does not directly overlap origin time window. Included for completeness as part of candidate vessel trajectory.
338173000,2022-02-14 12:32:43+00:00,2022-02-14 14:30:17+00:00,7054.0,SIGNIFICANT_GAP,False,28.97132,-90.00139,12.2,218.3,,28.96814,-89.95195,19.9,,,4822.58995716736,44272.43330719999,-39449.843350032635,FULL,41,42,AIS transmission gap does not directly overlap origin time window. Included for completeness as part of candidate vessel trajectory.
338173000,2022-02-14 14:30:17+00:00,2022-02-14 16:01:23+00:00,5466.0,SIGNIFICANT_GAP,False,28.96814,-89.95195,19.9,246.0,,28.97744,-89.98342,19.9,,,3231.3078145492846,55957.8229896,-52726.515175050714,FULL,42,43,AIS transmission gap does not directly overlap origin time window. Included for completeness as part of candidate vessel trajectory.
338173000,2022-02-14 16:32:02+00:00,2022-02-14 23:53:23+00:00,26481.0,LONG_GAP,False,28.96859,-89.99127,11.1,227.9,,28.97113,-89.99011,20.0,,,304.1446467158054,151215.20636039998,-150911.06171368418,FULL,43,44,AIS transmission gap does not directly overlap origin time window. Included for completeness as part of candidate vessel trajectory.
338173000,2022-02-15 00:14:40+00:00,2022-02-15 13:49:16+00:00,48876.0,LONG_GAP,True,28.96809,-90.00902,19.8,235.8,,28.97101,-90.00343,8.9,,,633.3623766285493,497850.5058912,-497217.1435145714,FULL,44,45,"AIS transmission gap overlaps spill origin time window. Treated as contextual evidence requiring further investigation, NOT proof of wrongdoing."
338173000,2022-02-15 15:00:15+00:00,2022-02-15 15:28:37+00:00,1702.0,SHORT_GAP,False,28.96925,-89.99603,13.0,232.3,,28.96812,-90.00748,12.7,,,1120.951667716331,11382.587943999999,-10261.636276283669,FULL,45,46,AIS transmission gap does not directly overlap origin time window. Included for completeness as part of candidate vessel trajectory.
338173000,2022-02-15 15:58:01+00:00,2022-02-15 22:08:05+00:00,22204.0,LONG_GAP,False,28.96948,-90.01086,10.5,223.5,,28.96873,-89.99539,21.1,,,1507.266520832823,119938.503048,-118431.23652716717,FULL,46,47,AIS transmission gap does not directly overlap origin time window. Included for completeness as part of candidate vessel trajectory.
338173000,2022-02-15 23:23:12+00:00,2022-02-16 01:04:19+00:00,6067.0,SIGNIFICANT_GAP,False,28.96921,-89.99836,21.2,232.7,,28.98066,-90.01686,21.1,,,2204.4569327170584,66167.9930576,-63963.53612488294,FULL,47,48,AIS transmission gap does not directly overlap origin time window. Included for completeness as part of candidate vessel trajectory.
338173000,2022-02-16 01:15:49+00:00,2022-02-16 11:11:18+00:00,35729.0,LONG_GAP,False,29.04084,-89.9833,20.8,29.6,,29.04093,-89.97172,20.6,,,1125.7916515820498,382315.84926080005,-381190.057609218,FULL,48,49,AIS transmission gap does not directly overlap origin time window. Included for completeness as part of candidate vessel trajectory.
338173000,2022-02-16 11:25:42+00:00,2022-02-16 13:31:25+00:00,7543.0,SIGNIFICANT_GAP,False,28.97008,-90.01886,20.6,197.6,,28.97044,-89.99468,15.4,,,2352.6010339036343,79937.2924952,-77584.69146129637,FULL,49,50,AIS transmission gap does not directly overlap origin time window. Included for completeness as part of candidate vessel trajectory.
338173000,2022-02-16 14:15:36+00:00,2022-02-16 15:35:10+00:00,4774.0,SIGNIFICANT_GAP,False,28.96986,-89.99326,14.5,227.6,,28.96918,-89.99458,12.6,,,149.01993232842298,35611.357012,-35462.337079671575,FULL,50,51,AIS transmission gap does not directly overlap origin time window. Included for completeness as part of candidate vessel trajectory.
338173000,2022-02-16 16:58:02+00:00,2022-02-16 17:44:49+00:00,2807.0,SHORT_GAP,False,28.96958,-89.99343,15.0,214.9,,28.96805,-90.00098,15.1,,,753.9295932815796,21660.66462,-20906.73502671842,FULL,51,52,AIS transmission gap does not directly overlap origin time window. Included for completeness as part of candidate vessel trajectory.
338173000,2022-02-16 18:02:20+00:00,2022-02-16 18:38:22+00:00,2162.0,SHORT_GAP,False,28.9696,-89.99473,16.0,241.4,,28.97012,-90.0045,16.4,,,952.1986105763459,17795.646848,-16843.448237423654,FULL,52,53,AIS transmission gap does not directly overlap origin time window. Included for completeness as part of candidate vessel trajectory.
338173000,2022-02-16 20:34:01+00:00,2022-02-16 21:22:20+00:00,2899.0,SHORT_GAP,False,28.97102,-90.00633,14.9,236.1,,28.96812,-89.95204,15.6,,,5291.268962101793,22221.460024400003,-16930.19106229821,FULL,53,54,AIS transmission gap does not directly overlap origin time window. Included for completeness as part of candidate vessel trajectory.
338173000,2022-02-16 21:22:20+00:00,2022-02-19 04:26:04+00:00,198224.0,LONG_GAP,False,28.96812,-89.95204,15.6,86.5,,29.03867,-89.97738,18.7,,,8222.759662692255,1590812.3003136,-1582589.540650908,FULL,54,55,AIS transmission gap does not directly overlap origin time window. Included for completeness as part of candidate vessel trajectory.
338173000,2022-02-19 04:39:53+00:00,2022-02-19 05:15:21+00:00,2128.0,SHORT_GAP,False,28.97364,-90.01477,19.1,209.4,,28.96926,-89.99198,19.5,,,2269.8795324443363,20909.473491200002,-18639.593958755664,FULL,55,56,AIS transmission gap does not directly overlap origin time window. Included for completeness as part of candidate vessel trajectory.
338173000,2022-02-19 10:01:29+00:00,2022-02-20 15:10:59+00:00,104970.0,LONG_GAP,False,28.96965,-89.99397,18.9,229.2,,28.98076,-89.97775,3.1,,,2003.9184000636365,1020622.428252,-1018618.5098519364,FULL,56,57,AIS transmission gap does not directly overlap origin time window. Included for completeness as part of candidate vessel trajectory.
338173000,2022-02-20 17:13:43+00:00,2022-02-20 17:59:58+00:00,2775.0,SHORT_GAP,False,28.96832,-90.01584,21.1,257.1,,28.96957,-89.99656,11.6,,,1880.7492706489213,30121.982310000003,-28241.233039351082,FULL,57,58,AIS transmission gap does not directly overlap origin time window. Included for completeness as part of candidate vessel trajectory.
338173000,2022-02-20 21:36:24+00:00,2022-02-21 00:57:16+00:00,12052.0,SIGNIFICANT_GAP,False,28.96848,-90.02651,19.9,237.2,,28.96986,-90.01425,11.7,,,1202.511373303839,123381.5738512,-122179.06247789615,FULL,58,59,AIS transmission gap does not directly overlap origin time window. Included for completeness as part of candidate vessel trajectory.
338173000,2022-02-21 01:10:41+00:00,2022-02-21 10:40:55+00:00,34214.0,LONG_GAP,False,29.03845,-89.98608,21.2,22.9,,29.04079,-89.97948,19.1,,,692.3764941139259,373145.16473920003,-372452.7882450861,FULL,59,60,AIS transmission gap does not directly overlap origin time window. Included for completeness as part of candidate vessel trajectory.
338173000,2022-02-21 10:55:31+00:00,2022-02-21 16:18:51+00:00,19400.0,SIGNIFICANT_GAP,False,28.9699,-90.01819,19.0,203.5,,28.97078,-90.01687,18.3,,,161.44455451441925,189624.05839999998,-189462.61384548555,FULL,60,61,AIS transmission gap does not directly overlap origin time window. Included for completeness as part of candidate vessel trajectory.
338173000,2022-02-21 16:32:57+00:00,2022-02-21 22:12:13+00:00,20356.0,SIGNIFICANT_GAP,False,29.03996,-89.9892,19.8,21.2,,29.03017,-89.95158,20.1,,,3815.9944366376585,207346.0368672,-203530.04243056232,FULL,61,62,AIS transmission gap does not directly overlap origin time window. Included for completeness as part of candidate vessel trajectory.
338173000,2022-02-21 22:42:26+00:00,2022-02-22 16:48:56+00:00,65190.0,LONG_GAP,False,28.9703,-90.01071,15.6,221.0,,28.97356,-90.02704,13.5,,,1629.410945069121,523171.02801600005,-521541.61707093095,FULL,62,63,AIS transmission gap does not directly overlap origin time window. Included for completeness as part of candidate vessel trajectory.
338173000,2022-02-22 19:52:28+00:00,2022-02-22 20:07:39+00:00,911.0,SHORT_GAP,False,28.99447,-89.96754,0.0,32.0,,28.99448,-89.96751,0.0,,,3.1224542463321163,0.0,3.1224542463321163,FULL,63,64,AIS transmission gap does not directly overlap origin time window. Included for completeness as part of candidate vessel trajectory.
338173000,2022-02-22 22:51:42+00:00,2022-02-22 23:48:40+00:00,3418.0,SHORT_GAP,False,28.96931,-90.00453,20.6,219.1,,28.97411,-90.01719,18.6,,,1342.2450768393926,36222.4135952,-34880.16851836061,FULL,64,65,AIS transmission gap does not directly overlap origin time window. Included for completeness as part of candidate vessel trajectory.
338173000,2022-02-23 00:03:34+00:00,2022-02-23 12:29:48+00:00,44774.0,LONG_GAP,False,29.03933,-89.99159,20.8,17.7,,29.03782,-89.98799,19.0,,,388.1734161370543,479101.28564480005,-478713.112228663,FULL,65,66,AIS transmission gap does not directly overlap origin time window. Included for completeness as part of candidate vessel trajectory.
338173000,2022-02-23 12:43:36+00:00,2022-02-23 14:59:26+00:00,8150.0,SIGNIFICANT_GAP,False,28.9683,-90.0201,19.9,201.6,,28.97111,-90.00649,21.4,,,1360.3744296039931,83435.10014,-82074.725710396,FULL,66,67,AIS transmission gap does not directly overlap origin time window. Included for completeness as part of candidate vessel trajectory.
338173000,2022-02-23 16:15:42+00:00,2022-02-23 17:31:18+00:00,4536.0,SIGNIFICANT_GAP,False,28.97026,-90.0141,19.8,210.0,,28.96989,-89.99448,21.8,,,1909.1047612187656,46203.6560832,-44294.551321981235,FULL,67,68,AIS transmission gap does not directly overlap origin time window. Included for completeness as part of candidate vessel trajectory.
338173000,2022-02-23 18:48:56+00:00,2022-02-23 21:37:40+00:00,10124.0,SIGNIFICANT_GAP,False,28.97445,-90.01503,20.0,182.3,,28.97137,-89.99612,22.3,,,1871.1506099343437,104164.62112000001,-102293.47051006567,FULL,68,69,AIS transmission gap does not directly overlap origin time window. Included for completeness as part of candidate vessel trajectory.
338173000,2022-02-23 21:49:01+00:00,2022-02-24 02:37:46+00:00,17325.0,SIGNIFICANT_GAP,False,28.99965,-89.95251,20.5,89.8,,28.99825,-89.95028,18.1,,,266.963829021807,182711.21714999998,-182444.25332097817,FULL,69,70,AIS transmission gap does not directly overlap origin time window. Included for completeness as part of candidate vessel trajectory.
338173000,2022-02-24 03:00:09+00:00,2022-02-24 06:11:44+00:00,11495.0,SIGNIFICANT_GAP,False,28.96948,-89.99872,11.1,229.5,,28.97455,-90.00741,12.2,,,1016.0985955698744,65640.22495799999,-64624.126362430114,FULL,70,71,AIS transmission gap does not directly overlap origin time window. Included for completeness as part of candidate vessel trajectory.
338173000,2022-02-24 07:08:24+00:00,2022-02-24 07:32:59+00:00,1475.0,SHORT_GAP,False,28.99434,-89.96745,0.0,235.3,,29.0021,-89.96672,9.1,,,865.7884412025797,0.0,865.7884412025797,FULL,71,72,AIS transmission gap does not directly overlap origin time window. Included for completeness as part of candidate vessel trajectory.
338173000,2022-02-24 07:43:26+00:00,2022-02-24 13:40:00+00:00,21394.0,SIGNIFICANT_GAP,False,29.04251,-89.95946,21.7,11.5,,29.02411,-89.95031,20.9,,,2231.0120795216153,238830.52411119998,-236599.51203167837,FULL,72,73,AIS transmission gap does not directly overlap origin time window. Included for completeness as part of candidate vessel trajectory.
338173000,2022-02-24 14:05:41+00:00,2022-02-24 14:41:24+00:00,2143.0,SHORT_GAP,False,28.97008,-89.99084,20.9,221.6,,28.9733,-90.02127,23.5,,,2981.8021103779624,23041.2779828,-20059.475872422037,FULL,73,74,AIS transmission gap does not directly overlap origin time window. Included for completeness as part of candidate vessel trajectory.
338173000,2022-02-24 14:53:13+00:00,2022-02-24 17:18:02+00:00,8689.0,SIGNIFICANT_GAP,False,29.04091,-89.97996,23.3,24.3,,29.04275,-89.9849,21.1,,,522.0036664712281,104151.0912428,-103629.08757632878,FULL,74,75,AIS transmission gap does not directly overlap origin time window. Included for completeness as part of candidate vessel trajectory.
338173000,2022-02-24 17:31:37+00:00,2022-02-25 15:19:23+00:00,78466.0,LONG_GAP,False,28.96958,-90.02264,21.3,205.8,,28.98075,-89.97766,1.1,,,4548.374085531633,859803.5298552,-855255.1557696683,FULL,75,76,AIS transmission gap does not directly overlap origin time window. Included for completeness as part of candidate vessel trajectory.
338173000,2022-02-25 16:10:15+00:00,2022-02-25 18:11:22+00:00,7267.0,SIGNIFICANT_GAP,False,28.9689,-89.99628,11.1,227.9,,28.9689,-90.01276,19.2,,,1603.2159476185368,41496.9564828,-39893.74053518147,FULL,76,77,AIS transmission gap does not directly overlap origin time window. Included for completeness as part of candidate vessel trajectory.
338173000,2022-02-25 18:52:18+00:00,2022-02-26 13:50:47+00:00,68309.0,LONG_GAP,False,28.97073,-90.00307,13.5,231.1,,28.96901,-90.00706,16.0,,,432.71447123787135,474405.59514600004,-473972.8806747622,FULL,77,78,AIS transmission gap does not directly overlap origin time window. Included for completeness as part of candidate vessel trajectory.
338173000,2022-02-26 14:31:29+00:00,2022-02-26 16:02:12+00:00,5443.0,SIGNIFICANT_GAP,False,28.99417,-89.9524,17.7,86.9,,28.96912,-89.95553,22.5,,,2802.0225627418235,49562.100848400005,-46760.07828565818,FULL,78,79,AIS transmission gap does not directly overlap origin time window. Included for completeness as part of candidate vessel trajectory.
338173000,2022-02-26 16:02:12+00:00,2022-02-26 19:13:15+00:00,11463.0,SIGNIFICANT_GAP,False,28.96912,-89.95553,22.5,247.9,,28.97032,-90.00428,10.3,,,4744.362065856649,132684.11037,-127939.74830414336,FULL,79,80,AIS transmission gap does not directly overlap origin time window. Included for completeness as part of candidate vessel trajectory.
338173000,2022-02-26 19:53:25+00:00,2022-02-26 21:04:27+00:00,4262.0,SIGNIFICANT_GAP,False,28.96908,-90.00495,22.4,223.0,,28.96891,-90.01065,12.7,,,554.831970297116,49113.3513472,-48558.519376902885,FULL,80,81,AIS transmission gap does not directly overlap origin time window. Included for completeness as part of candidate vessel trajectory.
338173000,2022-02-26 21:28:30+00:00,2022-02-26 22:41:19+00:00,4369.0,SIGNIFICANT_GAP,False,28.96815,-90.00885,19.9,231.0,,28.96947,-90.00501,10.3,,,401.36584302488745,44727.3561364,-44325.99029337511,FULL,81,82,AIS transmission gap does not directly overlap origin time window. Included for completeness as part of candidate vessel trajectory.
338173000,2022-02-26 23:10:00+00:00,2022-02-27 01:29:28+00:00,8368.0,SIGNIFICANT_GAP,False,28.96962,-90.00641,15.4,230.7,,28.9683,-89.99772,10.5,,,858.0318934639289,66294.95783680001,-65436.92594333608,FULL,82,83,AIS transmission gap does not directly overlap origin time window. Included for completeness as part of candidate vessel trajectory.
338173000,2022-02-27 05:41:10+00:00,2022-02-27 06:11:05+00:00,1795.0,SHORT_GAP,False,28.99391,-89.96798,0.1,1.3,,28.99393,-89.96799,0.0,,,2.427273342568252,92.342698,-89.91542465743174,FULL,83,84,AIS transmission gap does not directly overlap origin time window. Included for completeness as part of candidate vessel trajectory.
338173000,2022-02-27 11:06:46+00:00,2022-02-27 17:07:46+00:00,21660.0,LONG_GAP,False,28.99603,-89.95039,14.8,89.7,,28.97135,-89.95149,15.5,,,2746.3757881424226,164914.28419200002,-162167.9084038576,FULL,84,85,AIS transmission gap does not directly overlap origin time window. Included for completeness as part of candidate vessel trajectory.
338173000,2022-02-27 17:08:52+00:00,2022-02-27 21:41:52+00:00,16380.0,SIGNIFICANT_GAP,False,28.96837,-89.9557,15.5,247.6,,28.97217,-89.99281,16.3,,,3634.750335755139,130612.18716000002,-126977.43682424488,FULL,85,86,AIS transmission gap does not directly overlap origin time window. Included for completeness as part of candidate vessel trajectory.
338173000,2022-02-27 22:49:07+00:00,2022-02-27 23:42:42+00:00,3215.0,SHORT_GAP,False,28.96826,-89.99597,13.9,227.0,,28.99442,-89.96669,1.4,,,4071.004470469155,22989.730694,-18918.726223530848,FULL,86,87,AIS transmission gap does not directly overlap origin time window. Included for completeness as part of candidate vessel trajectory.
338173000,2022-02-28 00:27:27+00:00,2022-02-28 16:13:18+00:00,56751.0,LONG_GAP,False,28.96972,-89.99604,9.8,229.9,,28.96857,-90.00293,11.6,,,682.3638006915869,286113.07215120003,-285430.7083505084,FULL,87,88,AIS transmission gap does not directly overlap origin time window. Included for completeness as part of candidate vessel trajectory.
338173000,2022-02-28 16:28:32+00:00,2022-02-28 16:55:30+00:00,1618.0,SHORT_GAP,False,28.96999,-90.00532,13.6,220.3,,28.97082,-90.00222,17.4,,,315.3777129386719,11320.2373312,-11004.859618261327,FULL,88,89,AIS transmission gap does not directly overlap origin time window. Included for completeness as part of candidate vessel trajectory.
338173000,2022-02-28 17:17:31+00:00,2022-02-28 18:51:04+00:00,5613.0,SIGNIFICANT_GAP,False,28.99268,-89.95094,19.1,82.7,,28.96989,-90.00215,8.4,,,5588.791833134812,55152.666685200005,-49563.87485206519,FULL,89,90,AIS transmission gap does not directly overlap origin time window. Included for completeness as part of candidate vessel trajectory.
338173000,2022-02-28 19:32:32+00:00,2022-02-28 20:05:23+00:00,1971.0,SHORT_GAP,False,28.96997,-89.99471,19.7,235.9,,28.97174,-90.00784,18.9,,,1292.3697704461356,19975.1917428,-18682.821972353864,FULL,90,91,AIS transmission gap does not directly overlap origin time window. Included for completeness as part of candidate vessel trajectory.
338173000,2022-02-28 20:36:14+00:00,2022-02-28 22:20:39+00:00,6265.0,SIGNIFICANT_GAP,False,28.97837,-89.98786,19.3,224.6,,28.97197,-89.99109,19.6,,,777.924193161045,62203.73903800001,-61425.81484483896,FULL,91,92,AIS transmission gap does not directly overlap origin time window. Included for completeness as part of candidate vessel trajectory.
338173000,2022-02-28 22:44:59+00:00,2022-03-01 17:54:25+00:00,68966.0,LONG_GAP,False,28.96995,-89.99693,19.9,230.0,,28.9683,-90.00198,7.4,,,524.4174067428429,706034.9835896,-705510.5661828571,FULL,92,93,AIS transmission gap does not directly overlap origin time window. Included for completeness as part of candidate vessel trajectory.
338173000,2022-03-01 18:06:58+00:00,2022-03-01 21:38:34+00:00,12696.0,SIGNIFICANT_GAP,False,28.96926,-90.00493,17.2,230.3,,28.96935,-90.00034,4.4,,,446.63715553509354,112339.7536128,-111893.11645726491,FULL,93,94,AIS transmission gap does not directly overlap origin time window. Included for completeness as part of candidate vessel trajectory.
338173000,2022-03-01 21:41:10+00:00,2022-03-02 01:18:44+00:00,13054.0,SIGNIFICANT_GAP,False,28.96956,-89.99963,3.4,100.8,,28.97163,-89.99378,14.9,,,613.8787902921498,22832.8767184,-22218.99792810785,FULL,94,95,AIS transmission gap does not directly overlap origin time window. Included for completeness as part of candidate vessel trajectory.
338173000,2022-03-02 11:14:22+00:00,2022-03-02 14:09:48+00:00,10526.0,SIGNIFICANT_GAP,False,28.96965,-89.98653,14.7,236.1,,28.96911,-90.00122,6.2,,,1430.3345091720485,79601.0518968,-78170.71738762794,FULL,95,96,AIS transmission gap does not directly overlap origin time window. Included for completeness as part of candidate vessel trajectory.
338173000,2022-03-02 15:44:13+00:00,2022-03-02 16:59:16+00:00,4503.0,SIGNIFICANT_GAP,False,28.96941,-90.00076,3.0,215.9,,28.96866,-90.00171,7.7,,,124.48318284336065,6949.623995999999,-6825.140813156639,FULL,96,97,AIS transmission gap does not directly overlap origin time window. Included for completeness as part of candidate vessel trajectory.
338173000,2022-03-02 17:19:02+00:00,2022-03-02 17:38:11+00:00,1149.0,SHORT_GAP,False,28.96956,-90.00693,1.3,247.2,,28.96862,-90.00279,6.3,,,416.09107280696117,768.4250028000001,-352.33392999303896,FULL,97,98,AIS transmission gap does not directly overlap origin time window. Included for completeness as part of candidate vessel trajectory.
338173000,2022-03-02 17:38:11+00:00,2022-03-02 18:03:51+00:00,1540.0,SHORT_GAP,False,28.96862,-90.00279,6.3,102.5,,28.96961,-90.00096,0.0,,,209.31256018375018,4991.135687999999,-4781.823127816249,FULL,98,99,AIS transmission gap does not directly overlap origin time window. Included for completeness as part of candidate vessel trajectory.
338173000,2022-03-02 18:03:51+00:00,2022-03-02 18:22:22+00:00,1111.0,SHORT_GAP,False,28.96961,-90.00096,0.0,332.8,,28.96964,-90.00098,0.0,,,3.861784959099259,0.0,3.861784959099259,FULL,99,100,AIS transmission gap does not directly overlap origin time window. Included for completeness as part of candidate vessel trajectory.
338173000,2022-03-02 19:10:38+00:00,2022-03-02 20:19:46+00:00,4148.0,SIGNIFICANT_GAP,False,28.96839,-90.00773,20.2,240.7,,28.97063,-89.97243,18.9,,,3443.0738328518228,43105.0569824,-39661.98314954818,FULL,100,101,AIS transmission gap does not directly overlap origin time window. Included for completeness as part of candidate vessel trajectory.
338173000,2022-03-02 21:01:07+00:00,2022-03-02 21:47:43+00:00,2796.0,SHORT_GAP,False,28.96839,-89.99514,18.1,237.8,,28.96824,-90.00502,2.5,,,961.3014506187162,26034.776174400005,-25073.474723781288,FULL,101,102,AIS transmission gap does not directly overlap origin time window. Included for completeness as part of candidate vessel trajectory.
338173000,2022-03-02 22:05:49+00:00,2022-03-02 23:07:23+00:00,3694.0,SIGNIFICANT_GAP,False,28.96897,-90.00565,11.6,241.1,,28.96835,-89.99302,20.1,,,1230.6136943776962,22044.1311776,-20813.517483222306,FULL,102,103,AIS transmission gap does not directly overlap origin time window. Included for completeness as part of candidate vessel trajectory.
338173000,2022-03-02 23:14:12+00:00,2022-03-03 03:40:25+00:00,15973.0,SIGNIFICANT_GAP,False,28.97912,-89.95146,20.1,79.8,,28.99781,-89.95429,13.6,,,2096.3825562566294,165166.00164120004,-163069.6190849434,FULL,103,104,AIS transmission gap does not directly overlap origin time window. Included for completeness as part of candidate vessel trajectory.
338173000,2022-03-03 11:10:01+00:00,2022-03-03 18:03:03+00:00,24782.0,LONG_GAP,False,28.96975,-89.99653,15.5,228.2,,28.9703,-90.00142,18.7,,,479.62145784214687,197608.743724,-197129.12226615785,FULL,104,105,AIS transmission gap does not directly overlap origin time window. Included for completeness as part of candidate vessel trajectory.
338173000,2022-03-03 18:35:58+00:00,2022-03-03 19:06:00+00:00,1802.0,SHORT_GAP,False,28.96993,-90.00116,5.0,244.4,,28.97835,-89.98269,13.4,,,2026.0251283355067,4635.14044,-2609.1153116644937,FULL,105,106,AIS transmission gap does not directly overlap origin time window. Included for completeness as part of candidate vessel trajectory.
338173000,2022-03-03 19:06:00+00:00,2022-03-03 19:33:28+00:00,1648.0,SHORT_GAP,False,28.97835,-89.98269,13.4,60.6,,28.99825,-89.95758,3.0,,,3295.641051343364,11360.5697408,-8064.928689456636,FULL,106,107,AIS transmission gap does not directly overlap origin time window. Included for completeness as part of candidate vessel trajectory.
338173000,2022-03-03 20:55:07+00:00,2022-03-03 22:53:23+00:00,7096.0,SIGNIFICANT_GAP,False,28.96889,-90.00407,18.8,237.1,,28.96862,-89.99328,16.4,,,1050.109135064974,68629.29893120001,-67579.18979613503,FULL,107,108,AIS transmission gap does not directly overlap origin time window. Included for completeness as part of candidate vessel trajectory.
338173000,2022-03-03 23:23:38+00:00,2022-03-03 23:55:46+00:00,1928.0,SHORT_GAP,False,28.96971,-90.00192,13.1,266.5,,28.96902,-89.97093,19.2,,,3015.74792012569,12993.2092192,-9977.46129907431,FULL,108,109,AIS transmission gap does not directly overlap origin time window. Included for completeness as part of candidate vessel trajectory.
338173000,2022-03-03 23:58:27+00:00,2022-03-04 09:19:26+00:00,33659.0,LONG_GAP,False,28.97421,-89.95551,19.3,71.2,,28.97185,-89.95314,16.9,,,349.3103856583803,334192.4425028,-333843.1321171416,FULL,109,110,AIS transmission gap does not directly overlap origin time window. Included for completeness as part of candidate vessel trajectory.
338173000,2022-03-04 09:21:37+00:00,2022-03-04 13:21:34+00:00,14397.0,SIGNIFICANT_GAP,False,28.96818,-89.96421,17.1,253.5,,28.96807,-89.99641,20.3,,,3132.54450815791,126650.29958280001,-123517.7550746421,FULL,110,111,AIS transmission gap does not directly overlap origin time window. Included for completeness as part of candidate vessel trajectory.
338173000,2022-03-04 14:23:53+00:00,2022-03-04 15:24:31+00:00,3638.0,SIGNIFICANT_GAP,False,28.97044,-89.99534,15.1,240.2,,28.97077,-90.00107,15.1,,,558.6261309687926,28260.363807200003,-27701.73767623121,FULL,111,112,AIS transmission gap does not directly overlap origin time window. Included for completeness as part of candidate vessel trajectory.
338173000,2022-03-04 16:00:10+00:00,2022-03-04 18:05:57+00:00,7547.0,SIGNIFICANT_GAP,False,28.9698,-90.003,16.2,231.0,,28.9713,-90.00212,16.3,,,187.47880746734626,62896.64366159999,-62709.16485413264,FULL,112,113,AIS transmission gap does not directly overlap origin time window. Included for completeness as part of candidate vessel trajectory.
338173000,2022-03-04 18:18:20+00:00,2022-03-04 18:50:12+00:00,1912.0,SHORT_GAP,False,28.9936,-89.96762,0.0,350.7,,28.97389,-89.95472,0.0,,,2525.425186598626,0.0,2525.425186598626,FULL,113,114,AIS transmission gap does not directly overlap origin time window. Included for completeness as part of candidate vessel trajectory.
338173000,2022-03-04 18:50:12+00:00,2022-03-04 19:15:27+00:00,1515.0,SHORT_GAP,False,28.97389,-89.95472,0.0,17.2,,28.99372,-89.96791,3.2,,,2551.082286654081,0.0,2551.082286654081,FULL,114,115,AIS transmission gap does not directly overlap origin time window. Included for completeness as part of candidate vessel trajectory.
338173000,2022-03-04 19:39:53+00:00,2022-03-04 20:21:07+00:00,2474.0,SHORT_GAP,False,28.96962,-90.01106,15.5,219.1,,28.96835,-89.99772,16.0,,,1305.408618861871,19727.384068000003,-18421.97544913813,FULL,115,116,AIS transmission gap does not directly overlap origin time window. Included for completeness as part of candidate vessel trajectory.
338173000,2022-03-04 22:18:10+00:00,2022-03-04 23:02:55+00:00,2685.0,SHORT_GAP,False,28.96953,-90.00008,17.4,235.1,,28.97098,-89.994,17.4,,,613.0519620725385,24034.309235999997,-23421.25727392746,FULL,116,117,AIS transmission gap does not directly overlap origin time window. Included for completeness as part of candidate vessel trajectory.
338173000,2022-03-05 02:30:37+00:00,2022-03-05 02:55:43+00:00,1506.0,SHORT_GAP,False,28.96873,-90.00736,20.6,226.8,,28.96932,-89.99729,16.7,,,981.828095068659,15959.9048784,-14978.076783331342,FULL,117,118,AIS transmission gap does not directly overlap origin time window. Included for completeness as part of candidate vessel trajectory.
338173000,2022-03-05 03:28:24+00:00,2022-03-05 04:18:28+00:00,3004.0,SHORT_GAP,False,28.96847,-89.99747,21.2,233.6,,28.98183,-89.98522,17.1,,,1904.4433134548788,32762.263251200002,-30857.819937745124,FULL,118,119,AIS transmission gap does not directly overlap origin time window. Included for completeness as part of candidate vessel trajectory.
338173000,2022-03-05 12:54:46+00:00,2022-03-05 13:35:57+00:00,2471.0,SHORT_GAP,False,28.96837,-90.0063,17.6,229.2,,28.969,-90.00911,17.4,,,282.197659684775,22372.963782400002,-22090.766122715228,FULL,119,120,AIS transmission gap does not directly overlap origin time window. Included for completeness as part of candidate vessel trajectory.
338173000,2022-03-05 14:43:38+00:00,2022-03-05 16:53:02+00:00,7764.0,SIGNIFICANT_GAP,False,28.97149,-89.99586,21.0,226.1,,28.97925,-90.03918,15.2,,,4301.45024399566,83877.007536,-79575.55729200435,FULL,120,121,AIS transmission gap does not directly overlap origin time window. Included for completeness as part of candidate vessel trajectory.
338173000,2022-03-05 16:56:13+00:00,2022-03-05 18:10:01+00:00,4428.0,SIGNIFICANT_GAP,False,28.96991,-90.02822,14.9,137.5,,28.96804,-90.00727,15.0,,,2048.6471729259106,33941.5746768,-31892.927503874093,FULL,121,122,AIS transmission gap does not directly overlap origin time window. Included for completeness as part of candidate vessel trajectory.
338173000,2022-03-05 18:46:40+00:00,2022-03-05 21:55:05+00:00,11305.0,SIGNIFICANT_GAP,False,28.97076,-90.0058,19.0,229.2,,28.96873,-90.00425,14.3,,,271.45665214608925,110499.99897999999,-110228.5423278539,FULL,122,123,AIS transmission gap does not directly overlap origin time window. Included for completeness as part of candidate vessel trajectory.
338173000,2022-03-05 23:28:09+00:00,2022-03-05 23:54:15+00:00,1566.0,SHORT_GAP,False,28.97092,-90.01883,16.6,215.1,,28.96847,-89.998,15.7,,,2044.6099971469414,13373.2804464,-11328.670449253059,FULL,123,124,AIS transmission gap does not directly overlap origin time window. Included for completeness as part of candidate vessel trajectory.
338173000,2022-03-06 01:03:29+00:00,2022-03-06 01:38:59+00:00,2130.0,SHORT_GAP,False,28.96914,-89.99789,20.8,228.3,,28.9692,-89.9967,14.6,,,115.95798680789703,22791.926976000002,-22675.968989192104,FULL,124,125,AIS transmission gap does not directly overlap origin time window. Included for completeness as part of candidate vessel trajectory.
338173000,2022-03-06 02:10:47+00:00,2022-03-06 02:38:13+00:00,1646.0,SHORT_GAP,False,28.97042,-89.99434,17.5,228.8,,28.96872,-89.99808,16.4,,,410.01004819252006,14818.55942,-14408.54937180748,FULL,125,126,AIS transmission gap does not directly overlap origin time window. Included for completeness as part of candidate vessel trajectory.
338173000,2022-03-06 05:45:38+00:00,2022-03-06 07:15:54+00:00,5416.0,SIGNIFICANT_GAP,False,28.99427,-89.96781,0.0,73.7,,28.99415,-89.96778,0.0,,,13.658675691064216,0.0,13.658675691064216,FULL,126,127,AIS transmission gap does not directly overlap origin time window. Included for completeness as part of candidate vessel trajectory.
338173000,2022-03-06 12:11:38+00:00,2022-03-06 12:45:34+00:00,2036.0,SHORT_GAP,False,28.96903,-90.00562,20.8,231.0,,28.96904,-90.01029,18.7,,,454.3101420278213,21786.0860672,-21331.77592517218,FULL,127,128,AIS transmission gap does not directly overlap origin time window. Included for completeness as part of candidate vessel trajectory.
338173000,2022-03-06 13:11:38+00:00,2022-03-06 13:42:44+00:00,1866.0,SHORT_GAP,False,28.97156,-90.00345,20.8,230.6,,28.97017,-89.97501,18.0,,,2770.9763128320606,19967.012083200003,-17196.035770367944,FULL,128,129,AIS transmission gap does not directly overlap origin time window. Included for completeness as part of candidate vessel trajectory.
338173000,2022-03-06 13:46:27+00:00,2022-03-06 17:37:16+00:00,13849.0,SIGNIFICANT_GAP,False,28.97726,-89.95539,18.0,75.9,,28.96908,-90.01355,14.6,,,5730.366288884651,128241.62920800001,-122511.26291911537,FULL,129,130,AIS transmission gap does not directly overlap origin time window. Included for completeness as part of candidate vessel trajectory.
338173000,2022-03-06 18:36:19+00:00,2022-03-06 18:54:28+00:00,1089.0,SHORT_GAP,False,28.97113,-90.01758,18.8,221.9,,28.96967,-90.01267,16.4,,,504.4854149039764,10532.314900800002,-10027.829485896025,FULL,130,131,AIS transmission gap does not directly overlap origin time window. Included for completeness as part of candidate vessel trajectory.
338173000,2022-03-06 20:43:00+00:00,2022-03-06 21:05:04+00:00,1324.0,SHORT_GAP,False,28.97172,-90.02006,17.4,217.8,,28.96941,-89.99914,16.4,,,2051.2632313892755,11851.555094399999,-9800.291863010723,FULL,131,132,AIS transmission gap does not directly overlap origin time window. Included for completeness as part of candidate vessel trajectory.
338173000,2022-03-06 21:40:31+00:00,2022-03-06 23:16:03+00:00,5732.0,SIGNIFICANT_GAP,False,28.97038,-90.00841,17.1,226.2,,28.97028,-89.99547,16.2,,,1258.8675396170738,50424.3604368,-49165.49289718293,FULL,132,133,AIS transmission gap does not directly overlap origin time window. Included for completeness as part of candidate vessel trajectory.
338173000,2022-03-06 23:50:02+00:00,2022-03-07 00:17:04+00:00,1622.0,SHORT_GAP,False,28.97048,-90.00293,17.9,223.8,,28.97173,-89.99531,19.1,,,754.1955008713239,14936.264207199998,-14182.068706328675,FULL,133,134,AIS transmission gap does not directly overlap origin time window. Included for completeness as part of candidate vessel trajectory.
338173000,2022-03-07 03:14:06+00:00,2022-03-07 04:01:10+00:00,2824.0,SHORT_GAP,False,28.96993,-89.99823,17.7,235.2,,28.96819,-89.99771,16.4,,,199.98304375796698,25714.380451200002,-25514.397407442037,FULL,134,135,AIS transmission gap does not directly overlap origin time window. Included for completeness as part of candidate vessel trajectory.
338173000,2022-03-07 06:54:33+00:00,2022-03-07 07:26:41+00:00,1928.0,SHORT_GAP,False,28.99435,-89.96774,0.0,291.3,,28.99437,-89.96774,0.0,,,2.2238985328069827,0.0,2.2238985328069827,FULL,135,136,AIS transmission gap does not directly overlap origin time window. Included for completeness as part of candidate vessel trajectory.
338173000,2022-03-07 13:19:10+00:00,2022-03-07 15:24:31+00:00,7521.0,SIGNIFICANT_GAP,False,28.96984,-90.00615,10.5,227.7,,28.96979,-90.00757,14.1,,,138.25179559510593,40625.899902,-40487.64810640489,FULL,136,137,AIS transmission gap does not directly overlap origin time window. Included for completeness as part of candidate vessel trajectory.
338173000,2022-03-07 15:50:19+00:00,2022-03-07 16:30:03+00:00,2384.0,SHORT_GAP,False,28.99651,-89.95175,17.2,81.8,,29.00079,-89.95107,19.9,,,480.4872456832088,21094.6733312,-20614.18608551679,FULL,137,138,AIS transmission gap does not directly overlap origin time window. Included for completeness as part of candidate vessel trajectory.
338173000,2022-03-07 16:44:21+00:00,2022-03-07 22:06:29+00:00,19328.0,SIGNIFICANT_GAP,False,28.96917,-89.99953,19.4,232.2,,28.96923,-90.0098,17.2,,,999.1108719170876,192897.5684608,-191898.4575888829,FULL,138,139,AIS transmission gap does not directly overlap origin time window. Included for completeness as part of candidate vessel trajectory.
338173000,2022-03-07 23:37:45+00:00,2022-03-08 00:01:13+00:00,1408.0,SHORT_GAP,False,28.97108,-89.99679,19.8,221.8,,28.96934,-90.00335,19.2,,,666.8501259320509,14341.8756096,-13675.025483667949,FULL,139,140,AIS transmission gap does not directly overlap origin time window. Included for completeness as part of candidate vessel trajectory.
338173000,2022-03-08 01:55:28+00:00,2022-03-08 03:22:51+00:00,5243.0,SIGNIFICANT_GAP,False,28.9925,-89.95475,16.7,106.2,,28.99126,-89.95061,11.7,,,425.61318884664695,45043.7391964,-44618.12600755335,FULL,140,141,AIS transmission gap does not directly overlap origin time window. Included for completeness as part of candidate vessel trajectory.
338173000,2022-03-08 07:34:55+00:00,2022-03-08 07:50:18+00:00,923.0,SHORT_GAP,False,28.9939,-89.968,0.5,35.2,,28.99394,-89.96809,0.0,,,9.818519517193861,237.415906,-227.59738648280614,FULL,141,142,AIS transmission gap does not directly overlap origin time window. Included for completeness as part of candidate vessel trajectory.
338173000,2022-03-08 12:24:05+00:00,2022-03-08 13:26:23+00:00,3738.0,SIGNIFICANT_GAP,False,28.97147,-89.99408,18.3,229.8,,28.969,-90.00921,15.4,,,1497.2714015746442,35190.7475976,-33693.47619602535,FULL,142,143,AIS transmission gap does not directly overlap origin time window. Included for completeness as part of candidate vessel trajectory.
338173000,2022-03-08 14:05:36+00:00,2022-03-08 14:32:37+00:00,1621.0,SHORT_GAP,False,28.97004,-89.99893,20.5,223.7,,28.96902,-89.96809,18.4,,,3002.3177629758866,17095.231342,-14092.913579024113,FULL,143,144,AIS transmission gap does not directly overlap origin time window. Included for completeness as part of candidate vessel trajectory.
338173000,2022-03-08 14:35:07+00:00,2022-03-08 19:14:49+00:00,16782.0,SIGNIFICANT_GAP,False,28.97467,-89.95512,17.7,68.5,,28.99708,-89.9532,14.9,,,2498.866488110534,152811.1659816,-150312.29949348947,FULL,144,145,AIS transmission gap does not directly overlap origin time window. Included for completeness as part of candidate vessel trajectory.
338173000,2022-03-08 19:30:29+00:00,2022-03-08 20:28:24+00:00,3475.0,SHORT_GAP,False,28.96816,-89.98755,19.8,225.6,,28.96871,-89.9981,15.5,,,1028.1557109161965,35396.31942,-34368.163709083805,FULL,145,146,AIS transmission gap does not directly overlap origin time window. Included for completeness as part of candidate vessel trajectory.
338173000,2022-03-08 20:30:36+00:00,2022-03-08 21:14:10+00:00,2614.0,SHORT_GAP,False,28.97057,-89.99162,14.7,217.2,,28.97001,-89.9991,19.2,,,730.3229393265844,19767.9222552,-19037.599315873416,FULL,146,147,AIS transmission gap does not directly overlap origin time window. Included for completeness as part of candidate vessel trajectory.
338173000,2022-03-08 21:27:54+00:00,2022-03-09 11:45:05+00:00,51431.0,LONG_GAP,False,28.99896,-89.95279,17.6,94.3,,29.04107,-90.01226,16.2,,,7440.612459240976,465667.3008064001,-458226.68834715907,FULL,147,148,AIS transmission gap does not directly overlap origin time window. Included for completeness as part of candidate vessel trajectory.
338173000,2022-03-09 11:51:40+00:00,2022-03-23 19:01:24+00:00,1235384.0,LONG_GAP,False,29.0218,-90.03808,16.6,230.0,,29.03043,-90.03404,18.9,,,1036.8946551021122,10549895.7158336,-10548858.821178498,FULL,148,149,AIS transmission gap does not directly overlap origin time window. Included for completeness as part of candidate vessel trajectory.
338173000,2022-03-23 19:08:12+00:00,2022-03-24 02:59:19+00:00,28267.0,LONG_GAP,False,29.04223,-89.99489,20.4,75.4,,29.04223,-89.9822,18.0,,,1233.6394979440238,296652.4863792,-295418.846881256,FULL,149,150,AIS transmission gap does not directly overlap origin time window. Included for completeness as part of candidate vessel trajectory.
338173000,2022-03-24 03:14:29+00:00,2022-03-24 05:30:03+00:00,8134.0,SIGNIFICANT_GAP,False,28.96965,-90.01836,18.4,204.3,,28.97341,-90.01541,18.9,,,507.1064983829773,76994.5699264,-76487.46342801703,FULL,150,151,AIS transmission gap does not directly overlap origin time window. Included for completeness as part of candidate vessel trajectory.
338173000,2022-03-24 05:44:22+00:00,2022-03-24 12:48:58+00:00,25476.0,LONG_GAP,False,29.04304,-89.9799,17.7,22.4,,28.99849,-89.95866,1.1,,,5367.002377012669,231975.7635888,-226608.76121178735,FULL,151,152,AIS transmission gap does not directly overlap origin time window. Included for completeness as part of candidate vessel trajectory.
338173000,2022-03-24 12:48:58+00:00,2022-03-24 13:35:11+00:00,2773.0,SHORT_GAP,False,28.99849,-89.95866,1.1,268.5,,28.97068,-90.01836,18.7,,,6578.938740111906,1569.2085332000001,5009.730206911905,FULL,152,153,AIS transmission gap does not directly overlap origin time window. Included for completeness as part of candidate vessel trajectory.
338173000,2022-03-24 13:49:41+00:00,2022-03-25 15:11:44+00:00,91323.0,LONG_GAP,False,29.0405,-89.98028,19.2,28.7,,28.969,-90.00933,16.5,,,8437.447182328875,902026.9327104,-893589.4855280711,FULL,153,154,AIS transmission gap does not directly overlap origin time window. Included for completeness as part of candidate vessel trajectory.
338173000,2022-03-25 15:55:30+00:00,2022-03-25 18:41:46+00:00,9976.0,SIGNIFICANT_GAP,False,28.97207,-89.98789,18.4,232.7,,28.96867,-89.99661,18.0,,,928.7249173019195,94430.5175296,-93501.79261229807,FULL,154,155,AIS transmission gap does not directly overlap origin time window. Included for completeness as part of candidate vessel trajectory.
338173000,2022-03-25 19:17:27+00:00,2022-03-25 20:40:32+00:00,4985.0,SIGNIFICANT_GAP,False,28.97006,-90.00249,17.6,240.4,,28.97285,-89.98778,19.1,,,1464.233250334256,45135.258784000005,-43671.02553366575,FULL,155,156,AIS transmission gap does not directly overlap origin time window. Included for completeness as part of candidate vessel trajectory.
338173000,2022-03-26 00:42:46+00:00,2022-03-26 01:05:57+00:00,1391.0,SHORT_GAP,False,28.96805,-89.9981,19.2,234.8,,28.97931,-90.0196,19.2,,,2437.605364622831,13739.358796800001,-11301.75343217717,FULL,156,157,AIS transmission gap does not directly overlap origin time window. Included for completeness as part of candidate vessel trajectory.
367611250,2022-02-09 20:58:37+00:00,2022-02-09 22:08:17+00:00,4180.0,SIGNIFICANT_GAP,False,28.96954,-90.00074,0.4,240.2,,28.96903,-90.02492,10.2,,,2352.9660904299108,860.1503680000001,1492.8157224299107,FULL,0,1,AIS transmission gap does not directly overlap origin time window. Included for completeness as part of candidate vessel trajectory.
367611250,2022-02-09 22:35:46+00:00,2022-02-10 14:26:27+00:00,57041.0,LONG_GAP,False,29.04086,-89.99073,10.3,23.6,,28.96942,-90.00048,0.2,,,8000.152604053687,302247.3221012,-294247.16949714633,FULL,1,2,AIS transmission gap does not directly overlap origin time window. Included for completeness as part of candidate vessel trajectory.
367611250,2022-02-10 14:47:36+00:00,2022-02-10 15:27:36+00:00,2400.0,SHORT_GAP,False,28.9694,-90.00047,0.1,44.9,,28.96941,-90.00051,0.2,,,4.047036654236464,123.46656,-119.41952334576354,FULL,2,3,AIS transmission gap does not directly overlap origin time window. Included for completeness as part of candidate vessel trajectory.
367611250,2022-02-10 17:31:16+00:00,2022-02-10 18:07:26+00:00,2170.0,SHORT_GAP,False,28.96897,-90.00058,2.9,196.7,,28.969,-90.00054,6.4,,,5.1254344157190275,3237.3960920000004,-3232.2706575842813,FULL,3,4,AIS transmission gap does not directly overlap origin time window. Included for completeness as part of candidate vessel trajectory.
367611250,2022-02-10 22:13:07+00:00,2022-02-10 22:47:56+00:00,2089.0,SHORT_GAP,False,28.96817,-90.0024,2.5,196.6,,28.97016,-90.02765,10.3,,,2466.3239185018247,2686.68379,-220.35987149817538,FULL,4,5,AIS transmission gap does not directly overlap origin time window. Included for completeness as part of candidate vessel trajectory.
367611250,2022-02-10 23:15:16+00:00,2022-02-11 11:33:37+00:00,44301.0,LONG_GAP,False,29.04129,-89.99477,10.1,29.1,,29.03612,-89.98547,9.9,,,1071.4061875047578,230182.8748044,-229111.46861689523,FULL,5,6,AIS transmission gap does not directly overlap origin time window. Included for completeness as part of candidate vessel trajectory.
367611250,2022-02-11 11:51:36+00:00,2022-02-11 13:03:57+00:00,4341.0,SIGNIFICANT_GAP,False,28.9915,-90.00726,9.7,203.9,,28.96887,-90.00086,3.6,,,2592.205493387214,21662.053618799997,-19069.848125412784,FULL,6,7,AIS transmission gap does not directly overlap origin time window. Included for completeness as part of candidate vessel trajectory.
367611250,2022-02-11 14:02:36+00:00,2022-02-11 14:35:46+00:00,1990.0,SHORT_GAP,False,28.96967,-90.00074,0.1,71.1,,28.96966,-90.00073,0.0,,,1.477432255934033,102.374356,-100.89692374406597,FULL,7,8,AIS transmission gap does not directly overlap origin time window. Included for completeness as part of candidate vessel trajectory.
367611250,2022-02-11 18:17:16+00:00,2022-02-11 18:51:07+00:00,2031.0,SHORT_GAP,False,28.96971,-90.00072,0.1,63.3,,28.96968,-90.00073,0.1,,,3.4748028567601406,104.4835764,-101.00877354323987,FULL,8,9,AIS transmission gap does not directly overlap origin time window. Included for completeness as part of candidate vessel trajectory.
367611250,2022-02-11 23:13:17+00:00,2022-02-11 23:45:25+00:00,1928.0,SHORT_GAP,False,28.96949,-90.00104,3.7,248.6,,28.96959,-90.0015,7.3,,,46.11048955262265,3669.8377184,-3623.7272288473773,FULL,9,10,AIS transmission gap does not directly overlap origin time window. Included for completeness as part of candidate vessel trajectory.
367611250,2022-02-12 11:56:16+00:00,2022-02-12 13:17:47+00:00,4891.0,SIGNIFICANT_GAP,False,28.96873,-90.00377,8.6,226.1,,28.96885,-90.00074,4.6,,,295.0682101043711,21638.8521944,-21343.783984295627,FULL,10,11,AIS transmission gap does not directly overlap origin time window. Included for completeness as part of candidate vessel trajectory.
367611250,2022-02-12 18:48:07+00:00,2022-02-13 02:26:46+00:00,27519.0,LONG_GAP,False,28.96861,-89.99942,5.9,209.7,,28.96805,-89.97551,0.3,,,2326.871225992069,83526.20817240002,-81199.33694640794,FULL,11,12,AIS transmission gap does not directly overlap origin time window. Included for completeness as part of candidate vessel trajectory.
367611250,2022-02-13 03:31:57+00:00,2022-02-13 09:05:56+00:00,20039.0,SIGNIFICANT_GAP,False,28.96878,-89.97291,4.1,225.8,,28.97999,-90.02531,2.2,,,5247.529200047865,42266.667595599996,-37019.13839555213,FULL,12,13,AIS transmission gap does not directly overlap origin time window. Included for completeness as part of candidate vessel trajectory.
367611250,2022-02-13 11:50:46+00:00,2022-02-13 13:32:06+00:00,6080.0,SIGNIFICANT_GAP,False,28.96941,-90.02573,3.8,199.2,,28.96881,-90.03564,1.2,,,966.3735974876396,11885.714176,-10919.34057851236,FULL,13,14,AIS transmission gap does not directly overlap origin time window. Included for completeness as part of candidate vessel trajectory.
367611250,2022-02-13 15:15:55+00:00,2022-02-14 11:19:56+00:00,72241.0,LONG_GAP,False,29.04293,-90.03788,3.1,5.3,,29.04317,-89.98068,9.5,,,5560.6328210999845,115208.2419124,-109647.60909130002,FULL,14,15,AIS transmission gap does not directly overlap origin time window. Included for completeness as part of candidate vessel trajectory.
367611250,2022-02-14 11:47:57+00:00,2022-02-14 12:31:17+00:00,2600.0,SHORT_GAP,False,28.97419,-90.01544,9.9,211.5,,28.9688,-90.00099,4.4,,,1528.134086369921,13241.78856,-11713.65447363008,FULL,15,16,AIS transmission gap does not directly overlap origin time window. Included for completeness as part of candidate vessel trajectory.
367611250,2022-02-14 18:27:37+00:00,2022-02-14 18:59:36+00:00,1919.0,SHORT_GAP,False,28.96965,-90.00189,7.8,223.4,,28.96867,-90.00197,9.2,,,109.24858604375754,7700.300680800001,-7591.052094756244,FULL,16,17,AIS transmission gap does not directly overlap origin time window. Included for completeness as part of candidate vessel trajectory.
367611250,2022-02-14 22:59:46+00:00,2022-02-15 12:41:46+00:00,49320.0,LONG_GAP,False,28.96945,-90.00057,0.3,112.6,,28.96822,-90.00241,8.5,,,225.27083650061252,7611.7134240000005,-7386.442587499388,FULL,17,18,AIS transmission gap does not directly overlap origin time window. Included for completeness as part of candidate vessel trajectory.
367611250,2022-02-15 21:35:07+00:00,2022-02-15 22:30:07+00:00,3300.0,SHORT_GAP,False,28.96891,-90.00256,7.8,219.7,,28.96862,-90.0221,9.9,,,1901.1764331279649,13241.78856,-11340.612126872036,FULL,18,19,AIS transmission gap does not directly overlap origin time window. Included for completeness as part of candidate vessel trajectory.
367611250,2022-02-15 22:58:37+00:00,2022-02-19 12:54:45+00:00,309368.0,LONG_GAP,False,29.04145,-89.99132,10.0,30.3,,29.04145,-89.97915,9.7,,,1183.097413641334,1591525.1139200001,-1590342.0165063587,FULL,19,20,AIS transmission gap does not directly overlap origin time window. Included for completeness as part of candidate vessel trajectory.
367611250,2022-02-19 13:23:56+00:00,2022-02-19 17:16:47+00:00,13971.0,SIGNIFICANT_GAP,False,28.96884,-90.02139,10.5,207.0,,28.97,-90.00291,3.6,,,1802.393249567216,75466.619802,-73664.22655243278,FULL,20,21,AIS transmission gap does not directly overlap origin time window. Included for completeness as part of candidate vessel trajectory.
367611250,2022-02-19 18:34:27+00:00,2022-02-19 18:51:07+00:00,1000.0,SHORT_GAP,False,28.96989,-90.00144,0.3,283.1,,28.96992,-90.00144,0.7,,,3.335847799210475,154.3332,-150.99735220078952,FULL,21,22,AIS transmission gap does not directly overlap origin time window. Included for completeness as part of candidate vessel trajectory.
367611250,2022-02-19 18:51:07+00:00,2022-02-19 19:11:17+00:00,1210.0,SHORT_GAP,False,28.96992,-90.00144,0.7,136.0,,28.96989,-90.00143,0.5,,,3.4748023041223948,435.73406800000004,-432.2592656958776,FULL,22,23,AIS transmission gap does not directly overlap origin time window. Included for completeness as part of candidate vessel trajectory.
367611250,2022-02-19 19:11:17+00:00,2022-02-19 19:39:47+00:00,1710.0,SHORT_GAP,False,28.96989,-90.00143,0.5,47.0,,28.97002,-90.00146,0.3,,,14.747006283050366,439.84962,-425.10261371694963,FULL,23,24,AIS transmission gap does not directly overlap origin time window. Included for completeness as part of candidate vessel trajectory.
367611250,2022-02-19 19:50:16+00:00,2022-02-19 20:37:07+00:00,2811.0,SHORT_GAP,False,28.97001,-90.00146,0.2,233.4,,28.9701,-90.00143,0.7,,,10.424405728130685,289.2204168,-278.7960110718693,FULL,24,25,AIS transmission gap does not directly overlap origin time window. Included for completeness as part of candidate vessel trajectory.
367611250,2022-02-19 21:02:05+00:00,2022-02-19 21:29:37+00:00,1652.0,SHORT_GAP,False,28.97011,-90.00144,0.5,144.2,,28.97017,-90.00142,0.2,,,6.949603371761864,424.930744,-417.98114062823817,FULL,25,26,AIS transmission gap does not directly overlap origin time window. Included for completeness as part of candidate vessel trajectory.
367611250,2022-02-19 22:10:57+00:00,2022-02-19 22:40:06+00:00,1749.0,SHORT_GAP,False,28.97011,-90.00144,0.1,292.8,,28.97018,-90.00139,0.3,,,9.178468307563914,89.9762556,-80.79778729243608,FULL,26,27,AIS transmission gap does not directly overlap origin time window. Included for completeness as part of candidate vessel trajectory.
367611250,2022-02-19 22:47:36+00:00,2022-02-19 23:06:57+00:00,1161.0,SHORT_GAP,False,28.97014,-90.00141,0.2,305.8,,28.97013,-90.00142,0.1,,,1.4774293469385802,119.45389680000001,-117.97646745306143,FULL,27,28,AIS transmission gap does not directly overlap origin time window. Included for completeness as part of candidate vessel trajectory.
367611250,2022-02-19 23:12:27+00:00,2022-02-19 23:31:06+00:00,1119.0,SHORT_GAP,False,28.9701,-90.00142,0.5,70.4,,28.97014,-90.00145,0.2,,,5.319793038347457,287.831418,-282.5116249616525,FULL,28,29,AIS transmission gap does not directly overlap origin time window. Included for completeness as part of candidate vessel trajectory.
367611250,2022-02-20 11:38:46+00:00,2022-02-20 12:34:07+00:00,3321.0,SHORT_GAP,False,28.96815,-90.0048,5.4,236.0,,28.96909,-90.00197,5.1,,,294.484050416306,9225.730029600001,-8931.245979183695,FULL,29,30,AIS transmission gap does not directly overlap origin time window. Included for completeness as part of candidate vessel trajectory.
367611250,2022-02-20 13:59:46+00:00,2022-02-20 15:11:07+00:00,4281.0,SIGNIFICANT_GAP,False,28.96967,-90.00076,0.2,55.1,,28.96963,-90.00076,0.2,,,4.44779706600901,440.4669528,-436.019155733991,FULL,30,31,AIS transmission gap does not directly overlap origin time window. Included for completeness as part of candidate vessel trajectory.
367611250,2022-02-20 23:51:27+00:00,2022-02-21 00:36:16+00:00,2689.0,SHORT_GAP,False,28.96851,-90.0067,7.7,223.0,,28.96929,-90.00351,6.2,,,322.223412140731,10651.7173532,-10329.493941059269,FULL,31,32,AIS transmission gap does not directly overlap origin time window. Included for completeness as part of candidate vessel trajectory.
367611250,2022-02-21 11:35:37+00:00,2022-02-21 12:15:37+00:00,2400.0,SHORT_GAP,False,28.96893,-90.00516,5.8,236.1,,28.96875,-90.00217,7.5,,,291.5627122552074,7161.06048,-6869.497767744792,FULL,32,33,AIS transmission gap does not directly overlap origin time window. Included for completeness as part of candidate vessel trajectory.
367611250,2022-02-22 00:08:57+00:00,2022-02-24 02:30:56+00:00,181319.0,LONG_GAP,False,28.96909,-89.99972,2.7,181.1,,28.97043,-89.94975,8.3,,,4863.45015799949,251851.87341720003,-246988.42325920053,FULL,33,34,AIS transmission gap does not directly overlap origin time window. Included for completeness as part of candidate vessel trajectory.
367611250,2022-02-24 02:30:56+00:00,2022-02-24 02:52:47+00:00,1311.0,SHORT_GAP,False,28.97043,-89.94975,8.3,256.8,,28.97112,-90.00101,1.6,,,4987.201862342645,5597.8194972,-610.6176348573554,FULL,34,35,AIS transmission gap does not directly overlap origin time window. Included for completeness as part of candidate vessel trajectory.
367611250,2022-02-24 05:59:47+00:00,2022-02-24 06:32:16+00:00,1949.0,SHORT_GAP,False,28.97067,-90.00062,0.3,113.3,,28.97068,-90.00062,0.1,,,1.1119492667985353,300.7954068,-299.6834575332015,FULL,35,36,AIS transmission gap does not directly overlap origin time window. Included for completeness as part of candidate vessel trajectory.
367611250,2022-02-24 08:17:56+00:00,2022-02-24 08:36:26+00:00,1110.0,SHORT_GAP,False,28.97067,-90.00059,0.1,339.8,,28.97067,-90.0006,0.7,,,0.9728085743244844,57.103284,-56.13047542567552,FULL,36,37,AIS transmission gap does not directly overlap origin time window. Included for completeness as part of candidate vessel trajectory.
367611250,2022-02-24 14:13:26+00:00,2022-02-24 18:02:57+00:00,13771.0,SIGNIFICANT_GAP,False,28.97056,-90.00107,3.5,258.3,,28.98128,-89.95765,9.9,,,4388.701600788939,24795.429133999998,-20406.72753321106,FULL,37,38,AIS transmission gap does not directly overlap origin time window. Included for completeness as part of candidate vessel trajectory.
367611250,2022-02-25 00:04:57+00:00,2022-02-25 00:44:37+00:00,2380.0,SHORT_GAP,False,28.96892,-90.00044,2.1,212.3,,28.97108,-90.00115,1.8,,,249.91514102956077,2571.191112,-2321.275970970439,FULL,38,39,AIS transmission gap does not directly overlap origin time window. Included for completeness as part of candidate vessel trajectory.
367611250,2022-02-25 06:26:06+00:00,2022-02-25 06:41:17+00:00,911.0,SHORT_GAP,False,28.9707,-90.00065,0.4,346.0,,28.97065,-90.00066,0.5,,,5.64421258561444,187.46339360000002,-181.81918101438558,FULL,39,40,AIS transmission gap does not directly overlap origin time window. Included for completeness as part of candidate vessel trajectory.
367611250,2022-02-25 08:19:57+00:00,2022-02-25 08:54:16+00:00,2059.0,SHORT_GAP,False,28.97065,-90.00067,0.7,356.1,,28.97065,-90.00069,0.5,,,1.94561752465266,741.4681372,-739.5225196753473,FULL,40,41,AIS transmission gap does not directly overlap origin time window. Included for completeness as part of candidate vessel trajectory.
367611250,2022-02-25 09:02:56+00:00,2022-02-25 09:21:27+00:00,1111.0,SHORT_GAP,False,28.97064,-90.00072,0.1,262.1,,28.97064,-90.00073,0.1,,,0.9728088563272095,57.1547284,-56.18191954367279,FULL,41,42,AIS transmission gap does not directly overlap origin time window. Included for completeness as part of candidate vessel trajectory.
367611250,2022-02-25 09:59:45+00:00,2022-02-25 11:17:37+00:00,4672.0,SIGNIFICANT_GAP,False,28.9706,-90.00074,0.1,323.7,,28.97064,-90.0007,0.2,,,5.909705382992716,240.3482368,-234.43853141700728,FULL,42,43,AIS transmission gap does not directly overlap origin time window. Included for completeness as part of candidate vessel trajectory.
367611250,2022-02-25 11:28:46+00:00,2022-02-25 13:03:05+00:00,5659.0,SIGNIFICANT_GAP,False,28.96854,-90.0041,8.1,232.9,,28.96939,-90.00009,0.4,,,401.3892180328366,23581.032627599998,-23179.64340956716,FULL,43,44,AIS transmission gap does not directly overlap origin time window. Included for completeness as part of candidate vessel trajectory.
367611250,2022-02-25 14:02:57+00:00,2022-02-25 14:21:37+00:00,1120.0,SHORT_GAP,False,28.96949,-90.0,0.3,306.1,,28.96948,-90.0,0.4,,,1.1119492664034913,172.853184,-171.7412347335965,FULL,44,45,AIS transmission gap does not directly overlap origin time window. Included for completeness as part of candidate vessel trajectory.
367611250,2022-02-25 15:04:55+00:00,2022-02-25 15:19:56+00:00,901.0,SHORT_GAP,False,28.96953,-90.00001,0.2,116.2,,28.9695,-90.00003,0.3,,,3.8617860009697362,92.7028088,-88.84102279903027,FULL,45,46,AIS transmission gap does not directly overlap origin time window. Included for completeness as part of candidate vessel trajectory.
367611250,2022-02-25 18:54:35+00:00,2022-02-25 20:12:57+00:00,4702.0,SIGNIFICANT_GAP,False,28.96838,-90.00288,7.2,228.4,,28.98397,-90.03926,3.3,,,3940.6674346294944,17416.1929536,-13475.525518970504,FULL,46,47,AIS transmission gap does not directly overlap origin time window. Included for completeness as part of candidate vessel trajectory.
367611250,2022-02-25 20:30:16+00:00,2022-02-25 21:38:47+00:00,4111.0,SIGNIFICANT_GAP,False,28.99278,-90.03898,4.0,209.6,,28.96831,-90.00307,8.8,,,4427.721460352619,8459.517136,-4031.7956756473814,FULL,47,48,AIS transmission gap does not directly overlap origin time window. Included for completeness as part of candidate vessel trajectory.
367611250,2022-02-26 11:51:06+00:00,2022-02-26 13:39:16+00:00,6490.0,SIGNIFICANT_GAP,False,28.96988,-90.00091,0.4,92.9,,28.96845,-90.00423,8.7,,,359.99724457914465,1335.496624,-975.4993794208555,FULL,48,49,AIS transmission gap does not directly overlap origin time window. Included for completeness as part of candidate vessel trajectory.
367611250,2022-02-27 00:17:36+00:00,2022-02-27 00:54:26+00:00,2210.0,SHORT_GAP,False,28.96837,-89.9992,4.4,209.5,,28.96877,-90.00398,5.7,,,467.13422963411165,5002.453456,-4535.319226365888,FULL,49,50,AIS transmission gap does not directly overlap origin time window. Included for completeness as part of candidate vessel trajectory.
367611250,2022-02-27 06:40:46+00:00,2022-02-27 07:11:16+00:00,1830.0,SHORT_GAP,False,28.97033,-90.00135,0.0,244.5,,28.97039,-90.00135,0.1,,,6.67169559842095,0.0,6.67169559842095,FULL,50,51,AIS transmission gap does not directly overlap origin time window. Included for completeness as part of candidate vessel trajectory.
367611250,2022-02-27 07:26:46+00:00,2022-02-27 13:30:26+00:00,21820.0,LONG_GAP,False,28.97026,-90.00086,0.4,91.7,,28.96928,-90.00097,4.8,,,109.49518755830513,4490.067232,-4380.572044441695,FULL,51,52,AIS transmission gap does not directly overlap origin time window. Included for completeness as part of candidate vessel trajectory.
367611250,2022-02-27 15:38:26+00:00,2022-02-27 16:42:16+00:00,3830.0,SIGNIFICANT_GAP,False,28.96852,-89.99997,2.3,169.8,,28.97354,-90.03894,9.2,,,3831.8966495697105,4531.737196,-699.8405464302896,FULL,52,53,AIS transmission gap does not directly overlap origin time window. Included for completeness as part of candidate vessel trajectory.
367611250,2022-02-27 17:01:17+00:00,2022-02-27 21:24:37+00:00,15800.0,SIGNIFICANT_GAP,False,28.96815,-90.0016,7.6,225.0,,28.96921,-90.00335,8.1,,,207.06478138135768,61774.43552,-61567.37073861864,FULL,53,54,AIS transmission gap does not directly overlap origin time window. Included for completeness as part of candidate vessel trajectory.
367611250,2022-02-27 21:27:16+00:00,2022-02-28 04:42:46+00:00,26130.0,LONG_GAP,False,28.97067,-90.00103,0.5,279.3,,28.96943,-90.00115,0.1,,,138.3750073513737,6721.21086,-6582.835852648626,FULL,54,55,AIS transmission gap does not directly overlap origin time window. Included for completeness as part of candidate vessel trajectory.
367611250,2022-02-28 05:21:27+00:00,2022-02-28 05:37:07+00:00,940.0,SHORT_GAP,False,28.96957,-90.00124,0.3,232.8,,28.96949,-90.00119,0.1,,,10.138591086916941,145.073208,-134.93461691308306,FULL,55,56,AIS transmission gap does not directly overlap origin time window. Included for completeness as part of candidate vessel trajectory.
367611250,2022-02-28 05:43:56+00:00,2022-02-28 05:59:06+00:00,910.0,SHORT_GAP,False,28.96956,-90.0012,0.6,40.3,,28.96953,-90.0012,0.5,,,3.3358477996055185,280.88642400000003,-277.5505762003945,FULL,56,57,AIS transmission gap does not directly overlap origin time window. Included for completeness as part of candidate vessel trajectory.
367611250,2022-02-28 11:33:27+00:00,2022-02-28 13:02:27+00:00,5340.0,SIGNIFICANT_GAP,False,28.96965,-90.00109,0.6,63.1,,28.96849,-90.00184,5.3,,,148.19189542977438,1648.278576,-1500.0866805702256,FULL,57,58,AIS transmission gap does not directly overlap origin time window. Included for completeness as part of candidate vessel trajectory.
367611250,2022-02-28 15:18:36+00:00,2022-02-28 16:18:17+00:00,3581.0,SHORT_GAP,False,28.96916,-90.00208,6.4,242.5,,28.97064,-90.03544,10.1,,,3249.483458597621,11790.2333696,-8540.74991100238,FULL,58,59,AIS transmission gap does not directly overlap origin time window. Included for completeness as part of candidate vessel trajectory.
367611250,2022-02-28 16:19:45+00:00,2022-03-01 01:19:57+00:00,32412.0,LONG_GAP,False,28.9733,-90.0389,10.0,309.9,,28.96829,-90.00527,8.6,,,3318.6432727056817,166741.58928000001,-163422.94600729435,FULL,59,60,AIS transmission gap does not directly overlap origin time window. Included for completeness as part of candidate vessel trajectory.
367611250,2022-03-01 11:43:56+00:00,2022-03-02 01:17:26+00:00,48810.0,LONG_GAP,False,28.96937,-90.00176,3.7,234.7,,28.96869,-90.00637,7.0,,,454.8013481471456,92907.043068,-92452.24171985286,FULL,60,61,AIS transmission gap does not directly overlap origin time window. Included for completeness as part of candidate vessel trajectory.
367611250,2022-03-02 08:38:07+00:00,2022-03-03 12:22:25+00:00,99858.0,LONG_GAP,False,28.96833,-90.00474,1.2,202.2,,29.04019,-89.96381,10.3,,,8926.995509857165,61645.6187424,-52718.623232542835,FULL,61,62,AIS transmission gap does not directly overlap origin time window. Included for completeness as part of candidate vessel trajectory.
367611250,2022-03-03 12:52:25+00:00,2022-03-03 14:02:37+00:00,4212.0,SIGNIFICANT_GAP,False,28.96969,-90.00369,10.6,228.0,,28.9701,-89.98891,9.5,,,1438.5444311983213,22968.4841568,-21529.93972560168,FULL,62,63,AIS transmission gap does not directly overlap origin time window. Included for completeness as part of candidate vessel trajectory.
367611250,2022-03-03 15:00:06+00:00,2022-03-03 23:05:57+00:00,29151.0,LONG_GAP,False,29.00128,-90.02477,10.5,270.8,,29.00054,-90.03632,8.8,,,1126.275240194569,157463.848962,-156337.5737218054,FULL,63,64,AIS transmission gap does not directly overlap origin time window. Included for completeness as part of candidate vessel trajectory.
367611250,2022-03-03 23:57:17+00:00,2022-03-05 00:35:05+00:00,88668.0,LONG_GAP,False,28.96952,-89.99486,10.9,239.4,,28.96818,-90.00043,9.6,,,561.9767337279151,497200.45445280004,-496638.47771907214,FULL,64,65,AIS transmission gap does not directly overlap origin time window. Included for completeness as part of candidate vessel trajectory.
367659780,2022-01-27 10:54:31+00:00,2022-02-06 08:36:30+00:00,855719.0,LONG_GAP,False,28.96968,-90.03425,17.9,112.7,,28.98412,-90.03435,17.6,,,1605.6842064183268,7879929.1437244,-7878323.459517981,FULL,0,1,AIS transmission gap does not directly overlap origin time window. Included for completeness as part of candidate vessel trajectory.
367659780,2022-02-06 08:51:59+00:00,2022-02-11 08:24:20+00:00,430341.0,LONG_GAP,False,28.96921,-89.95179,17.2,102.6,,28.96954,-89.97131,17.0,,,1899.3005944793226,3807845.1409488,-3805945.8403543206,FULL,1,2,AIS transmission gap does not directly overlap origin time window. Included for completeness as part of candidate vessel trajectory.
367659780,2022-02-11 08:30:57+00:00,2022-02-14 14:56:17+00:00,282320.0,LONG_GAP,False,28.98227,-90.00358,16.8,294.3,,28.98555,-90.03737,16.5,,,3306.8737526947984,2439995.545344,-2436688.6715913056,FULL,2,3,AIS transmission gap does not directly overlap origin time window. Included for completeness as part of candidate vessel trajectory.
367659780,2022-02-14 15:06:12+00:00,2022-02-15 14:10:28+00:00,83056.0,LONG_GAP,True,28.96961,-89.99496,12.0,119.1,,28.9909,-90.03831,16.3,,,4835.81927833388,512731.930368,-507896.11108966614,FULL,3,4,"AIS transmission gap overlaps spill origin time window. Treated as contextual evidence requiring further investigation, NOT proof of wrongdoing."
367659780,2022-02-15 14:22:23+00:00,2022-02-16 04:19:45+00:00,50242.0,LONG_GAP,True,28.96873,-89.98195,16.4,114.5,,28.97361,-90.03277,16.0,,,4973.479745401408,423885.80534719996,-418912.32560179854,FULL,4,5,"AIS transmission gap overlaps spill origin time window. Treated as contextual evidence requiring further investigation, NOT proof of wrongdoing."
367659780,2022-02-16 04:19:45+00:00,2022-02-16 10:27:47+00:00,22082.0,LONG_GAP,False,28.97361,-90.03277,16.0,286.5,,28.99438,-90.03565,15.7,,,2326.445929512314,181759.23852800002,-179432.7925984877,FULL,5,6,AIS transmission gap does not directly overlap origin time window. Included for completeness as part of candidate vessel trajectory.
367659780,2022-02-16 10:42:35+00:00,2022-02-22 06:49:50+00:00,504435.0,LONG_GAP,False,28.9691,-89.96623,16.5,111.1,,28.98297,-90.01631,17.1,,,5109.875585625299,4281808.725810001,-4276698.850224376,FULL,6,7,AIS transmission gap does not directly overlap origin time window. Included for completeness as part of candidate vessel trajectory.
367659780,2022-02-22 06:49:50+00:00,2022-02-22 17:42:07+00:00,39137.0,LONG_GAP,False,28.98297,-90.01631,17.1,287.1,,28.99168,-90.0258,13.8,,,1337.9172734233555,344287.8915588,-342949.97428537667,FULL,7,8,AIS transmission gap does not directly overlap origin time window. Included for completeness as part of candidate vessel trajectory.
367659780,2022-02-22 17:53:20+00:00,2022-03-25 08:41:27+00:00,2645287.0,LONG_GAP,False,28.97162,-89.98145,14.4,114.2,,28.9774,-90.0375,14.4,,,5490.138885285005,19596269.1661632,-19590779.027277913,FULL,8,9,AIS transmission gap does not directly overlap origin time window. Included for completeness as part of candidate vessel trajectory.
367659780,2022-03-25 08:42:34+00:00,2022-03-26 04:15:45+00:00,70391.0,LONG_GAP,False,28.97389,-90.03429,14.8,142.6,,28.9696,-90.01792,15.6,,,1662.3832909230516,535940.9685392,-534278.5852482769,FULL,9,10,AIS transmission gap does not directly overlap origin time window. Included for completeness as part of candidate vessel trajectory.
